Adlm|rtl||ADLAM
Arab|rtl||ARABIC
Arab|rtl||ARABIC-INDIC
Armn|ltr||ARMENIAN
Bali|ltr||BALINESE
Bamu|ltr||BAMUM
Batk|ltr||BATAK
Beng|ltr||BENGALI
Bopo|ltr||BOPOMOFO
Brai|ltr||BRAILLE
Bugi|ltr||BUGINESE
Buhd|ltr||BUHID
Cans|ltr||CANADIAN
Cakm|ltr||CHAKMA
Cham|ltr||CHAM
Cher|ltr||CHEROKEE
Hani|ltr||CJK
Copt|ltr||COPTIC
Cyrl|ltr||CYRILLIC
Dsrt|ltr||DESERET
Deva|ltr||DEVANAGARI
Dupl|ltr||DUPLOYAN
Ethi|ltr||ETHIOPIC
Geok|ltr||GEORGIAN
Glag|ltr||GLAGOLITIC
Gran|ltr||GRANTHA
Grek|ltr||GREEK
Gujr|ltr||GUARANI
Gujr|ltr||GUJARATI
Gong|ltr||GUNJALA
Guru|ltr||GURMUKHI
Hang|ltr||HANGUL
Rohg|rtl||HANIFI
Hano|ltr||HANUNOO
Hatr|rtl||HATRAN
Hebr|rtl||HEBREW
Hira|ltr||HIRAGANA
Hrkt|ltr||JAPANESE
Java|ltr||JAVANESE
Kthi|ltr||KAITHI
Knda|ltr||KANNADA
Kana|ltr||KATAKANA
Kana|ltr||KATAKANA-HIRAGANA
Kali|ltr||KAYAH
Khar|rtl||KHAROSHTHI
Khmr|ltr||KHMER
Khoj|ltr||KHOJKI
Sind|ltr||KHUDAWADI
Kore|ltr||KOREAN
Laoo|ltr||LAO
Latn|ltr||LATIN
Lepc|ltr||LEPCHA
Limb|ltr||LIMBU
Lisu|ltr||LISU
Lyci|ltr||LYCIAN
Lydi|rtl||LYDIAN
Mahj|ltr||MAHAJANI
Maka|ltr||MAKASAR
Mlym|ltr||MALAYALAM
Mand|rtl||MANDAIC
Mani|rtl||MANICHAEAN
Marc|ltr||MARCHEN
Gonm|ltr||MASARAM
Medf|ltr||MEDEFAIDRIN
Mtei|ltr||MEETEI
Mend|rtl||MENDE
Merc|rtl||MEROITIC
Pird|ltr||MIAO
Modi|ltr||MODI
Mong|ttb||MONGOLIAN
Mroo|ltr||MRO
Mult|ltr||MULTANI
Mymr|ltr||MYANMAR
Nbat|rtl||NABATAEAN
Talu|ltr||NEW
Nkoo|rtl||NKO
Nshu|ltr||NUSHU
Ogam|ltr||OGHAM
Olck|ltr||OL
Orya|ltr||ORIYA
Osge|ltr||OSAGE
Osma|ltr||OSMANYA
Hmng|ltr||PAHAWH
Pauc|ltr||PAU
Phag|ttb||PHAGS-PA
Phnx|rtl||PHOENICIAN
Phlp|rtl||PSALTER
Rjng|ltr||REJANG
Runr|ltr||RUNIC
Samr|rtl||SAMARITAN
Saur|ltr||SAURASHTRA
Shrd|ltr||SHARADA
Shaw|ltr||SHAVIAN
Sidd|ltr||SIDDHAM
Sgnw|ttb||SIGNWRITING
Sinh|ltr||SINHALA
Sogd|rtl||SOGDIAN
Sora|ltr||SORA
Soyo|ltr||SOYOMBO
Sylo|ltr||SYLOTI
Syrc|rtl||SYRIAC
Tglg|ltr||TAGALOG
Tagb|ltr||TAGBANWA
Lana|ltr||TAI THAM
Tale|ltr||TAI LE
Tavt|ltr||TAI VIET
Takr|ltr||TAKRI
Taml|ltr||TAMIL
Tang|ltr||TANGUT
Telu|ltr||TELUGU
Thaa|rtl||THAANA
Thai|ltr||THAI
Tibt|ltr||TIBETAN
Tfng|ltr||TIFINAGH
Tirh|ltr||TIRHUTA
Ugar|ltr||UGARITIC
Vaii|ltr||VAI
Wara|ltr||WARANG
Yiii|ltr||YI
Zanb|ltr||ZANABAZAR